,Gender,0,1,number,sigma,Zscore_Genderdiff
0,F,0.8031189083820662,0.1968810916179337,513.0,0.0003082240299829717,-23.096539171392866
1,M,0.7885010266940452,0.21149897330595482,487.0,0.00034243769526998326,21.89879621763757
