,IncomeLevel,0,1,number,sigma,Zscore_IncomeLeveldiff
0,High,0.8080229226361032,0.19197707736389685,349.0,0.00044447529836880585,-27.049698105218543
1,Low,0.7784615384615384,0.22153846153846155,325.0,0.0005306436049157942,33.05130105401849
2,Medium,0.8006134969325154,0.19938650306748465,326.0,0.000489667256018419,-9.421697848511641
