,MaritalStatus,0,1,number,sigma,Zscore_MaritalStatusdiff
0,Divorced,0.8145161290322581,0.18548387096774194,248.0,0.0006091919539458226,-30.394572535514392
1,Married,0.7701149425287356,0.22988505747126436,261.0,0.0006783061985543979,38.16131641791046
2,Single,0.7953488372093023,0.20465116279069767,215.0,0.0007570654156237814,0.8601143009037884
3,Widowed,0.8043478260869565,0.1956521739130435,276.0,0.0005701898578121148,-14.640432432432394
